{
  "project_info": {
    "project_number": "674808103841",
    "project_id": "metabook-id",
    "storage_bucket": "metabook-id.appspot.com"
  },
  "client": [
    {
      "client_info": {
        "mobilesdk_app_id": "1:674808103841:android:5fd77e48dd984e2bb141e0",
        "android_client_info": {
          "package_name": "com.example.metabook"
        }
      },
      "oauth_client": [],
      "api_key": [
        {
          "current_key": "AIzaSyBK0qBxUbpPNx81VYhQkgzC8duf5BHv5gc"
        }
      ],
      "services": {
        "appinvite_service": {
          "other_platform_oauth_client": []
        }
      }
    }
  ],
  "configuration_version": "1"
}